nproc,time(s)
1,27.698645
2,13.877127
4,7.239069
8,3.77816
16,1.963872
32,0.82741
64,0.413976