nproc,time(s)
1,0.000026
2,0.000045
4,0.000081
8,0.000152
16,0.000054
32,0.000102
64,0.000091