nproc,time(s)
1,6.904197
2,6.92111
4,7.086919
8,7.483188
16,7.799968
32,6.653869
64,6.654216