nproc,time(s)
1,0.092991
2,0.095471
4,0.094396
8,0.102483
16,0.104086
32,0.140586
64,0.104238