nproc,time(s)
1,0.000062
2,0.000053
4,0.00005
8,0.000126
16,0.000067
32,0.000617
64,0.000243