nproc,comp,comm
1,27.698569,0.000079
2,13.873524,0.003606
4,7.159947,0.079125
8,3.756533,0.021632
16,1.95764,0.006236
32,0.827249,0.000164
64,0.413849,0.000131