nproc,time(s)
1,5.838899
2,2.927311
4,1.51628
8,0.82574
16,0.416039
32,0.286463
64,0.104195